Agent,FillRed,FillGreen,FillBlue,OutlineRed,OutlineGreen,OutlineBlue
0,255,0,255,255,0,0
1,0,255,255,0,255,0
2,255,0,255,0,0,255
3,0,255,255,255,0,0
4,255,0,255,0,255,0
5,0,255,255,0,0,255
6,255,0,255,255,0,0
7,0,255,255,0,255,0
8,255,0,255,0,0,255
9,0,255,255,255,0,0
10,255,0,255,0,255,0
11,0,255,255,0,0,255
12,255,0,255,255,0,0
13,0,255,255,0,255,0
14,255,0,255,0,0,255
15,0,255,255,255,0,0
16,255,0,255,0,255,0
17,0,255,255,0,0,255
18,255,0,255,255,0,0
19,0,255,255,0,255,0
20,255,0,255,0,0,255
21,0,255,255,255,0,0
22,255,0,255,0,255,0
23,0,255,255,0,0,255
24,255,0,255,255,0,0
25,0,255,255,0,255,0
26,255,0,255,0,0,255
27,0,255,255,255,0,0
28,255,0,255,0,255,0
29,0,255,255,0,0,255
30,255,0,255,255,0,0
31,0,255,255,0,255,0
32,255,0,255,0,0,255
33,0,255,255,255,0,0
34,255,0,255,0,255,0
35,0,255,255,0,0,255
36,255,0,255,255,0,0
37,0,255,255,0,255,0
38,255,0,255,0,0,255
39,0,255,255,255,0,0
40,255,0,255,0,255,0
41,0,255,255,0,0,255
42,255,0,255,255,0,0
43,0,255,255,0,255,0
44,255,0,255,0,0,255
45,0,255,255,255,0,0
46,255,0,255,0,255,0
47,0,255,255,0,0,255
48,255,0,255,255,0,0
49,0,255,255,0,255,0
50,255,0,255,0,0,255
51,0,255,255,255,0,0
52,255,0,255,0,255,0
53,0,255,255,0,0,255
54,255,0,255,255,0,0
55,0,255,255,0,255,0
56,255,0,255,0,0,255
57,0,255,255,255,0,0
58,255,0,255,0,255,0
59,0,255,255,0,0,255
60,255,0,255,255,0,0
61,0,255,255,0,255,0
62,255,0,255,0,0,255
63,0,255,255,255,0,0
64,255,0,255,0,255,0
65,0,255,255,0,0,255
66,255,0,255,255,0,0
67,0,255,255,0,255,0
68,255,0,255,0,0,255
69,0,255,255,255,0,0
70,255,0,255,0,255,0
71,0,255,255,0,0,255
72,255,0,255,255,0,0
73,0,255,255,0,255,0
74,255,0,255,0,0,255
75,0,255,255,255,0,0
76,255,0,255,0,255,0
77,0,255,255,0,0,255
78,255,0,255,255,0,0
79,0,255,255,0,255,0
80,255,0,255,0,0,255
81,0,255,255,255,0,0
82,255,0,255,0,255,0
83,0,255,255,0,0,255
84,255,0,255,255,0,0
85,0,255,255,0,255,0
86,255,0,255,0,0,255
87,0,255,255,255,0,0
88,255,0,255,0,255,0
89,0,255,255,0,0,255
90,255,0,255,255,0,0
91,0,255,255,0,255,0
92,255,0,255,0,0,255
93,0,255,255,255,0,0
94,255,0,255,0,255,0
95,0,255,255,0,0,255
96,255,0,255,255,0,0
97,0,255,255,0,255,0
98,255,0,255,0,0,255
99,0,255,255,255,0,0
100,255,0,255,0,255,0
101,0,255,255,0,0,255
102,255,0,255,255,0,0
103,0,255,255,0,255,0
104,255,0,255,0,0,255
105,0,255,255,255,0,0
106,255,0,255,0,255,0
107,0,255,255,0,0,255
108,255,0,255,255,0,0
109,0,255,255,0,255,0
110,255,0,255,0,0,255
111,0,255,255,255,0,0
112,255,0,255,0,255,0
113,0,255,255,0,0,255
114,255,0,255,255,0,0
115,0,255,255,0,255,0
116,255,0,255,0,0,255
117,0,255,255,255,0,0
118,255,0,255,0,255,0
119,0,255,255,0,0,255
120,255,0,255,255,0,0
121,0,255,255,0,255,0
122,255,0,255,0,0,255
123,0,255,255,255,0,0
124,255,0,255,0,255,0
125,0,255,255,0,0,255
126,255,0,255,255,0,0
127,0,255,255,0,255,0
128,255,0,255,0,0,255
129,0,255,255,255,0,0
130,255,0,255,0,255,0
131,0,255,255,0,0,255
132,255,0,255,255,0,0
133,0,255,255,0,255,0
134,255,0,255,0,0,255
135,0,255,255,255,0,0
136,255,0,255,0,255,0
137,0,255,255,0,0,255
138,255,0,255,255,0,0
139,0,255,255,0,255,0
140,255,0,255,0,0,255
141,0,255,255,255,0,0
142,255,0,255,0,255,0
143,0,255,255,0,0,255
144,255,0,255,255,0,0
145,0,255,255,0,255,0
146,255,0,255,0,0,255
147,0,255,255,255,0,0
148,255,0,255,0,255,0
149,0,255,255,0,0,255
150,255,0,255,255,0,0
151,0,255,255,0,255,0
152,255,0,255,0,0,255
153,0,255,255,255,0,0
154,255,0,255,0,255,0
155,0,255,255,0,0,255
156,255,0,255,255,0,0
157,0,255,255,0,255,0
158,255,0,255,0,0,255
159,0,255,255,255,0,0
160,255,0,255,0,255,0
161,0,255,255,0,0,255
162,255,0,255,255,0,0
163,0,255,255,0,255,0
164,255,0,255,0,0,255
165,0,255,255,255,0,0
166,255,0,255,0,255,0
167,0,255,255,0,0,255
168,255,0,255,255,0,0
169,0,255,255,0,255,0
170,255,0,255,0,0,255
171,0,255,255,255,0,0
172,255,0,255,0,255,0
173,0,255,255,0,0,255
174,255,0,255,255,0,0
175,0,255,255,0,255,0
176,255,0,255,0,0,255
177,0,255,255,255,0,0
178,255,0,255,0,255,0
179,0,255,255,0,0,255
180,255,0,255,255,0,0
181,0,255,255,0,255,0
182,255,0,255,0,0,255
183,0,255,255,255,0,0
184,255,0,255,0,255,0
185,0,255,255,0,0,255
186,255,0,255,255,0,0
187,0,255,255,0,255,0
188,255,0,255,0,0,255
189,0,255,255,255,0,0
190,255,0,255,0,255,0
191,0,255,255,0,0,255
192,255,0,255,255,0,0
193,0,255,255,0,255,0
194,255,0,255,0,0,255
195,0,255,255,255,0,0
196,255,0,255,0,255,0
197,0,255,255,0,0,255
198,255,0,255,255,0,0
199,0,255,255,0,255,0
200,255,0,255,0,0,255
201,0,255,255,255,0,0
202,255,0,255,0,255,0
203,0,255,255,0,0,255
204,255,0,255,255,0,0
205,0,255,255,0,255,0
206,255,0,255,0,0,255
207,0,255,255,255,0,0
208,255,0,255,0,255,0
209,0,255,255,0,0,255
210,255,0,255,255,0,0
211,0,255,255,0,255,0
212,255,0,255,0,0,255
213,0,255,255,255,0,0
214,255,0,255,0,255,0
215,0,255,255,0,0,255
216,255,0,255,255,0,0
217,0,255,255,0,255,0
218,255,0,255,0,0,255
219,0,255,255,255,0,0
220,255,0,255,0,255,0
221,0,255,255,0,0,255
222,255,0,255,255,0,0
223,0,255,255,0,255,0
224,255,0,255,0,0,255
225,0,255,255,255,0,0
226,255,0,255,0,255,0
227,0,255,255,0,0,255
228,255,0,255,255,0,0
229,0,255,255,0,255,0
230,255,0,255,0,0,255
231,0,255,255,255,0,0
232,255,0,255,0,255,0
233,0,255,255,0,0,255
234,255,0,255,255,0,0
235,0,255,255,0,255,0
236,255,0,255,0,0,255
237,0,255,255,255,0,0
238,255,0,255,0,255,0
239,0,255,255,0,0,255
240,255,0,255,255,0,0
241,0,255,255,0,255,0
242,255,0,255,0,0,255
243,0,255,255,255,0,0
244,255,0,255,0,255,0
245,0,255,255,0,0,255
246,255,0,255,255,0,0
247,0,255,255,0,255,0
248,255,0,255,0,0,255
249,0,255,255,255,0,0
250,255,0,255,0,255,0
251,0,255,255,0,0,255
252,255,0,255,255,0,0
253,0,255,255,0,255,0
254,255,0,255,0,0,255
255,0,255,255,255,0,0
256,255,0,255,0,255,0
257,0,255,255,0,0,255
258,255,0,255,255,0,0
259,0,255,255,0,255,0
260,255,0,255,0,0,255
261,0,255,255,255,0,0
262,255,0,255,0,255,0
263,0,255,255,0,0,255
264,255,0,255,255,0,0
265,0,255,255,0,255,0
266,255,0,255,0,0,255
267,0,255,255,255,0,0
268,255,0,255,0,255,0
269,0,255,255,0,0,255
270,255,0,255,255,0,0
271,0,255,255,0,255,0
272,255,0,255,0,0,255
273,0,255,255,255,0,0
274,255,0,255,0,255,0
275,0,255,255,0,0,255
276,255,0,255,255,0,0
277,0,255,255,0,255,0
278,255,0,255,0,0,255
279,0,255,255,255,0,0
280,255,0,255,0,255,0
281,0,255,255,0,0,255
282,255,0,255,255,0,0
283,0,255,255,0,255,0
284,255,0,255,0,0,255
285,0,255,255,255,0,0
286,255,0,255,0,255,0
287,0,255,255,0,0,255
288,255,0,255,255,0,0
289,0,255,255,0,255,0
290,255,0,255,0,0,255
291,0,255,255,255,0,0
292,255,0,255,0,255,0
293,0,255,255,0,0,255
294,255,0,255,255,0,0
295,0,255,255,0,255,0
296,255,0,255,0,0,255
297,0,255,255,255,0,0
298,255,0,255,0,255,0
299,0,255,255,0,0,255
300,255,0,255,255,0,0
301,0,255,255,0,255,0
302,255,0,255,0,0,255
303,0,255,255,255,0,0
304,255,0,255,0,255,0
305,0,255,255,0,0,255
306,255,0,255,255,0,0
307,0,255,255,0,255,0
308,255,0,255,0,0,255
309,0,255,255,255,0,0
310,255,0,255,0,255,0
311,0,255,255,0,0,255
312,255,0,255,255,0,0
313,0,255,255,0,255,0
314,255,0,255,0,0,255
315,0,255,255,255,0,0
316,255,0,255,0,255,0
317,0,255,255,0,0,255
318,255,0,255,255,0,0
319,0,255,255,0,255,0
320,255,0,255,0,0,255
321,0,255,255,255,0,0
322,255,0,255,0,255,0
323,0,255,255,0,0,255
324,255,0,255,255,0,0
325,0,255,255,0,255,0
326,255,0,255,0,0,255
327,0,255,255,255,0,0
328,255,0,255,0,255,0
329,0,255,255,0,0,255
330,255,0,255,255,0,0
331,0,255,255,0,255,0
332,255,0,255,0,0,255
333,0,255,255,255,0,0
334,255,0,255,0,255,0
335,0,255,255,0,0,255
336,255,0,255,255,0,0
337,0,255,255,0,255,0
338,255,0,255,0,0,255
339,0,255,255,255,0,0
340,255,0,255,0,255,0
341,0,255,255,0,0,255
342,255,0,255,255,0,0
343,0,255,255,0,255,0
344,255,0,255,0,0,255
345,0,255,255,255,0,0
346,255,0,255,0,255,0
347,0,255,255,0,0,255
348,255,0,255,255,0,0
349,0,255,255,0,255,0
350,255,0,255,0,0,255
351,0,255,255,255,0,0
352,255,0,255,0,255,0
353,0,255,255,0,0,255
354,255,0,255,255,0,0
355,0,255,255,0,255,0
356,255,0,255,0,0,255
357,0,255,255,255,0,0
358,255,0,255,0,255,0
359,0,255,255,0,0,255
360,255,0,255,255,0,0
361,0,255,255,0,255,0
362,255,0,255,0,0,255
363,0,255,255,255,0,0
364,255,0,255,0,255,0
365,0,255,255,0,0,255
366,255,0,255,255,0,0
367,0,255,255,0,255,0
368,255,0,255,0,0,255
369,0,255,255,255,0,0
370,255,0,255,0,255,0
371,0,255,255,0,0,255
372,255,0,255,255,0,0
373,0,255,255,0,255,0
374,255,0,255,0,0,255
375,0,255,255,255,0,0
376,255,0,255,0,255,0
377,0,255,255,0,0,255
378,255,0,255,255,0,0
379,0,255,255,0,255,0
380,255,0,255,0,0,255
381,0,255,255,255,0,0
382,255,0,255,0,255,0
383,0,255,255,0,0,255
384,255,0,255,255,0,0
385,0,255,255,0,255,0
386,255,0,255,0,0,255
387,0,255,255,255,0,0
388,255,0,255,0,255,0
389,0,255,255,0,0,255
390,255,0,255,255,0,0
391,0,255,255,0,255,0
392,255,0,255,0,0,255
393,0,255,255,255,0,0
394,255,0,255,0,255,0
395,0,255,255,0,0,255
396,255,0,255,255,0,0
397,0,255,255,0,255,0
398,255,0,255,0,0,255
399,0,255,255,255,0,0
400,255,0,255,0,255,0
401,0,255,255,0,0,255
402,255,0,255,255,0,0
403,0,255,255,0,255,0
404,255,0,255,0,0,255
405,0,255,255,255,0,0
406,255,0,255,0,255,0
407,0,255,255,0,0,255
408,255,0,255,255,0,0
409,0,255,255,0,255,0
410,255,0,255,0,0,255
411,0,255,255,255,0,0
412,255,0,255,0,255,0
413,0,255,255,0,0,255
414,255,0,255,255,0,0
415,0,255,255,0,255,0
416,255,0,255,0,0,255
417,0,255,255,255,0,0
418,255,0,255,0,255,0
419,0,255,255,0,0,255
420,255,0,255,255,0,0
421,0,255,255,0,255,0
422,255,0,255,0,0,255
423,0,255,255,255,0,0
424,255,0,255,0,255,0
425,0,255,255,0,0,255
426,255,0,255,255,0,0
427,0,255,255,0,255,0
428,255,0,255,0,0,255
429,0,255,255,255,0,0
430,255,0,255,0,255,0
431,0,255,255,0,0,255
432,255,0,255,255,0,0
433,0,255,255,0,255,0
434,255,0,255,0,0,255
435,0,255,255,255,0,0
436,255,0,255,0,255,0
437,0,255,255,0,0,255
438,255,0,255,255,0,0
439,0,255,255,0,255,0
440,255,0,255,0,0,255
441,0,255,255,255,0,0
442,255,0,255,0,255,0
443,0,255,255,0,0,255
444,255,0,255,255,0,0
445,0,255,255,0,255,0
446,255,0,255,0,0,255
447,0,255,255,255,0,0
448,255,0,255,0,255,0
449,0,255,255,0,0,255
450,255,0,255,255,0,0
451,0,255,255,0,255,0
452,255,0,255,0,0,255
453,0,255,255,255,0,0
454,255,0,255,0,255,0
455,0,255,255,0,0,255
456,255,0,255,255,0,0
457,0,255,255,0,255,0
458,255,0,255,0,0,255
459,0,255,255,255,0,0
460,255,0,255,0,255,0
461,0,255,255,0,0,255
462,255,0,255,255,0,0
463,0,255,255,0,255,0
464,255,0,255,0,0,255
465,0,255,255,255,0,0
466,255,0,255,0,255,0
467,0,255,255,0,0,255
468,255,0,255,255,0,0
469,0,255,255,0,255,0
470,255,0,255,0,0,255
471,0,255,255,255,0,0
472,255,0,255,0,255,0
473,0,255,255,0,0,255
474,255,0,255,255,0,0
475,0,255,255,0,255,0
476,255,0,255,0,0,255
477,0,255,255,255,0,0
478,255,0,255,0,255,0
479,0,255,255,0,0,255
480,255,0,255,255,0,0
481,0,255,255,0,255,0
482,255,0,255,0,0,255
483,0,255,255,255,0,0
484,255,0,255,0,255,0
485,0,255,255,0,0,255
486,255,0,255,255,0,0
487,0,255,255,0,255,0
488,255,0,255,0,0,255
489,0,255,255,255,0,0
490,255,0,255,0,255,0
491,0,255,255,0,0,255
492,255,0,255,255,0,0
493,0,255,255,0,255,0
494,255,0,255,0,0,255
495,0,255,255,255,0,0
496,255,0,255,0,255,0
497,0,255,255,0,0,255
498,255,0,255,255,0,0
499,0,255,255,0,255,0
500,255,0,255,0,0,255
501,0,255,255,255,0,0
502,255,0,255,0,255,0
503,0,255,255,0,0,255
504,255,0,255,255,0,0
505,0,255,255,0,255,0
506,255,0,255,0,0,255
507,0,255,255,255,0,0
508,255,0,255,0,255,0
509,0,255,255,0,0,255
510,255,0,255,255,0,0
511,0,255,255,0,255,0
512,255,0,255,0,0,255
513,0,255,255,255,0,0
514,255,0,255,0,255,0
515,0,255,255,0,0,255
516,255,0,255,255,0,0
517,0,255,255,0,255,0
518,255,0,255,0,0,255
519,0,255,255,255,0,0
520,255,0,255,0,255,0
521,0,255,255,0,0,255
522,255,0,255,255,0,0
523,0,255,255,0,255,0
524,255,0,255,0,0,255
525,0,255,255,255,0,0
526,255,0,255,0,255,0
527,0,255,255,0,0,255
528,255,0,255,255,0,0
529,0,255,255,0,255,0
530,255,0,255,0,0,255
531,0,255,255,255,0,0
532,255,0,255,0,255,0
533,0,255,255,0,0,255
534,255,0,255,255,0,0
535,0,255,255,0,255,0
536,255,0,255,0,0,255
537,0,255,255,255,0,0
538,255,0,255,0,255,0
539,0,255,255,0,0,255
540,255,0,255,255,0,0
541,0,255,255,0,255,0
542,255,0,255,0,0,255
543,0,255,255,255,0,0
544,255,0,255,0,255,0
545,0,255,255,0,0,255
546,255,0,255,255,0,0
547,0,255,255,0,255,0
548,255,0,255,0,0,255
549,0,255,255,255,0,0
550,255,0,255,0,255,0
551,0,255,255,0,0,255
552,255,0,255,255,0,0
553,0,255,255,0,255,0
554,255,0,255,0,0,255
555,0,255,255,255,0,0
556,255,0,255,0,255,0
557,0,255,255,0,0,255
558,255,0,255,255,0,0
559,0,255,255,0,255,0
560,255,0,255,0,0,255
561,0,255,255,255,0,0
562,255,0,255,0,255,0
563,0,255,255,0,0,255
564,255,0,255,255,0,0
565,0,255,255,0,255,0
566,255,0,255,0,0,255
567,0,255,255,255,0,0
568,255,0,255,0,255,0
569,0,255,255,0,0,255
570,255,0,255,255,0,0
571,0,255,255,0,255,0
572,255,0,255,0,0,255
573,0,255,255,255,0,0
574,255,0,255,0,255,0
575,0,255,255,0,0,255
576,255,0,255,255,0,0
577,0,255,255,0,255,0
578,255,0,255,0,0,255
579,0,255,255,255,0,0
580,255,0,255,0,255,0
581,0,255,255,0,0,255
582,255,0,255,255,0,0
583,0,255,255,0,255,0
584,255,0,255,0,0,255
585,0,255,255,255,0,0
586,255,0,255,0,255,0
587,0,255,255,0,0,255
588,255,0,255,255,0,0
589,0,255,255,0,255,0
590,255,0,255,0,0,255
591,0,255,255,255,0,0
592,255,0,255,0,255,0
593,0,255,255,0,0,255
594,255,0,255,255,0,0
595,0,255,255,0,255,0
596,255,0,255,0,0,255
597,0,255,255,255,0,0
598,255,0,255,0,255,0
599,0,255,255,0,0,255
600,255,0,255,255,0,0
601,0,255,255,0,255,0
602,255,0,255,0,0,255
603,0,255,255,255,0,0
604,255,0,255,0,255,0
605,0,255,255,0,0,255
606,255,0,255,255,0,0
607,0,255,255,0,255,0
608,255,0,255,0,0,255
609,0,255,255,255,0,0
610,255,0,255,0,255,0
611,0,255,255,0,0,255
612,255,0,255,255,0,0
613,0,255,255,0,255,0
614,255,0,255,0,0,255
615,0,255,255,255,0,0
616,255,0,255,0,255,0
617,0,255,255,0,0,255
618,255,0,255,255,0,0
619,0,255,255,0,255,0
620,255,0,255,0,0,255
621,0,255,255,255,0,0
622,255,0,255,0,255,0
623,0,255,255,0,0,255
624,255,0,255,255,0,0
625,0,255,255,0,255,0
626,255,0,255,0,0,255
627,0,255,255,255,0,0
628,255,0,255,0,255,0
629,0,255,255,0,0,255
630,255,0,255,255,0,0
631,0,255,255,0,255,0
632,255,0,255,0,0,255
633,0,255,255,255,0,0
634,255,0,255,0,255,0
635,0,255,255,0,0,255
636,255,0,255,255,0,0
637,0,255,255,0,255,0
638,255,0,255,0,0,255
639,0,255,255,255,0,0
640,255,0,255,0,255,0
641,0,255,255,0,0,255
642,255,0,255,255,0,0
643,0,255,255,0,255,0
644,255,0,255,0,0,255
645,0,255,255,255,0,0
646,255,0,255,0,255,0
647,0,255,255,0,0,255
648,255,0,255,255,0,0
649,0,255,255,0,255,0
650,255,0,255,0,0,255
651,0,255,255,255,0,0
652,255,0,255,0,255,0
653,0,255,255,0,0,255
654,255,0,255,255,0,0
655,0,255,255,0,255,0
656,255,0,255,0,0,255
657,0,255,255,255,0,0
658,255,0,255,0,255,0
659,0,255,255,0,0,255
660,255,0,255,255,0,0
661,0,255,255,0,255,0
662,255,0,255,0,0,255
663,0,255,255,255,0,0
664,255,0,255,0,255,0
665,0,255,255,0,0,255
666,255,0,255,255,0,0
667,0,255,255,0,255,0
668,255,0,255,0,0,255
669,0,255,255,255,0,0
670,255,0,255,0,255,0
671,0,255,255,0,0,255
672,255,0,255,255,0,0
673,0,255,255,0,255,0
674,255,0,255,0,0,255
675,0,255,255,255,0,0
676,255,0,255,0,255,0
677,0,255,255,0,0,255
678,255,0,255,255,0,0
679,0,255,255,0,255,0
680,255,0,255,0,0,255
681,0,255,255,255,0,0
682,255,0,255,0,255,0
683,0,255,255,0,0,255
684,255,0,255,255,0,0
685,0,255,255,0,255,0
686,255,0,255,0,0,255
687,0,255,255,255,0,0
688,255,0,255,0,255,0
689,0,255,255,0,0,255
690,255,0,255,255,0,0
691,0,255,255,0,255,0
692,255,0,255,0,0,255
693,0,255,255,255,0,0
694,255,0,255,0,255,0
695,0,255,255,0,0,255
696,255,0,255,255,0,0
697,0,255,255,0,255,0
698,255,0,255,0,0,255
699,0,255,255,255,0,0
700,255,0,255,0,255,0
701,0,255,255,0,0,255
702,255,0,255,255,0,0
703,0,255,255,0,255,0
704,255,0,255,0,0,255
705,0,255,255,255,0,0
706,255,0,255,0,255,0
707,0,255,255,0,0,255
708,255,0,255,255,0,0
709,0,255,255,0,255,0
710,255,0,255,0,0,255
711,0,255,255,255,0,0
712,255,0,255,0,255,0
713,0,255,255,0,0,255
714,255,0,255,255,0,0
715,0,255,255,0,255,0
716,255,0,255,0,0,255
717,0,255,255,255,0,0
718,255,0,255,0,255,0
719,0,255,255,0,0,255
720,255,0,255,255,0,0
721,0,255,255,0,255,0
722,255,0,255,0,0,255
723,0,255,255,255,0,0
724,255,0,255,0,255,0
725,0,255,255,0,0,255
726,255,0,255,255,0,0
727,0,255,255,0,255,0
728,255,0,255,0,0,255
729,0,255,255,255,0,0
730,255,0,255,0,255,0
731,0,255,255,0,0,255
732,255,0,255,255,0,0
733,0,255,255,0,255,0
734,255,0,255,0,0,255
735,0,255,255,255,0,0
736,255,0,255,0,255,0
737,0,255,255,0,0,255
738,255,0,255,255,0,0
739,0,255,255,0,255,0
740,255,0,255,0,0,255
741,0,255,255,255,0,0
742,255,0,255,0,255,0
743,0,255,255,0,0,255
744,255,0,255,255,0,0
745,0,255,255,0,255,0
746,255,0,255,0,0,255
747,0,255,255,255,0,0
748,255,0,255,0,255,0
749,0,255,255,0,0,255
750,255,0,255,255,0,0
751,0,255,255,0,255,0
752,255,0,255,0,0,255
753,0,255,255,255,0,0
754,255,0,255,0,255,0
755,0,255,255,0,0,255
756,255,0,255,255,0,0
757,0,255,255,0,255,0
758,255,0,255,0,0,255
759,0,255,255,255,0,0
760,255,0,255,0,255,0
761,0,255,255,0,0,255
762,255,0,255,255,0,0
763,0,255,255,0,255,0
764,255,0,255,0,0,255
765,0,255,255,255,0,0
766,255,0,255,0,255,0
767,0,255,255,0,0,255
768,255,0,255,255,0,0
769,0,255,255,0,255,0
770,255,0,255,0,0,255
771,0,255,255,255,0,0
772,255,0,255,0,255,0
773,0,255,255,0,0,255
774,255,0,255,255,0,0
775,0,255,255,0,255,0
776,255,0,255,0,0,255
777,0,255,255,255,0,0
778,255,0,255,0,255,0
779,0,255,255,0,0,255
780,255,0,255,255,0,0
781,0,255,255,0,255,0
782,255,0,255,0,0,255
783,0,255,255,255,0,0
784,255,0,255,0,255,0
785,0,255,255,0,0,255
786,255,0,255,255,0,0
787,0,255,255,0,255,0
788,255,0,255,0,0,255
789,0,255,255,255,0,0
790,255,0,255,0,255,0
791,0,255,255,0,0,255
792,255,0,255,255,0,0
793,0,255,255,0,255,0
794,255,0,255,0,0,255
795,0,255,255,255,0,0
796,255,0,255,0,255,0
797,0,255,255,0,0,255
798,255,0,255,255,0,0
799,0,255,255,0,255,0
800,255,0,255,0,0,255
801,0,255,255,255,0,0
802,255,0,255,0,255,0
803,0,255,255,0,0,255
804,255,0,255,255,0,0
805,0,255,255,0,255,0
806,255,0,255,0,0,255
807,0,255,255,255,0,0
808,255,0,255,0,255,0
809,0,255,255,0,0,255
810,255,0,255,255,0,0
811,0,255,255,0,255,0
812,255,0,255,0,0,255
813,0,255,255,255,0,0
814,255,0,255,0,255,0
815,0,255,255,0,0,255
816,255,0,255,255,0,0
817,0,255,255,0,255,0
818,255,0,255,0,0,255
819,0,255,255,255,0,0
820,255,0,255,0,255,0
821,0,255,255,0,0,255
822,255,0,255,255,0,0
823,0,255,255,0,255,0
824,255,0,255,0,0,255
825,0,255,255,255,0,0
826,255,0,255,0,255,0
827,0,255,255,0,0,255
828,255,0,255,255,0,0
829,0,255,255,0,255,0
830,255,0,255,0,0,255
831,0,255,255,255,0,0
832,255,0,255,0,255,0
833,0,255,255,0,0,255
834,255,0,255,255,0,0
835,0,255,255,0,255,0
836,255,0,255,0,0,255
837,0,255,255,255,0,0
838,255,0,255,0,255,0
839,0,255,255,0,0,255
840,255,0,255,255,0,0
841,0,255,255,0,255,0
842,255,0,255,0,0,255
843,0,255,255,255,0,0
844,255,0,255,0,255,0
845,0,255,255,0,0,255
846,255,0,255,255,0,0
847,0,255,255,0,255,0
848,255,0,255,0,0,255
849,0,255,255,255,0,0
850,255,0,255,0,255,0
851,0,255,255,0,0,255
852,255,0,255,255,0,0
853,0,255,255,0,255,0
854,255,0,255,0,0,255
855,0,255,255,255,0,0
856,255,0,255,0,255,0
857,0,255,255,0,0,255
858,255,0,255,255,0,0
859,0,255,255,0,255,0
860,255,0,255,0,0,255
861,0,255,255,255,0,0
862,255,0,255,0,255,0
863,0,255,255,0,0,255
864,255,0,255,255,0,0
865,0,255,255,0,255,0
866,255,0,255,0,0,255
867,0,255,255,255,0,0
868,255,0,255,0,255,0
869,0,255,255,0,0,255
870,255,0,255,255,0,0
871,0,255,255,0,255,0
872,255,0,255,0,0,255
873,0,255,255,255,0,0
874,255,0,255,0,255,0
875,0,255,255,0,0,255
876,255,0,255,255,0,0
877,0,255,255,0,255,0
878,255,0,255,0,0,255
879,0,255,255,255,0,0
880,255,0,255,0,255,0
881,0,255,255,0,0,255
882,255,0,255,255,0,0
883,0,255,255,0,255,0
884,255,0,255,0,0,255
885,0,255,255,255,0,0
886,255,0,255,0,255,0
887,0,255,255,0,0,255
888,255,0,255,255,0,0
889,0,255,255,0,255,0
890,255,0,255,0,0,255
891,0,255,255,255,0,0
892,255,0,255,0,255,0
893,0,255,255,0,0,255
894,255,0,255,255,0,0
895,0,255,255,0,255,0
896,255,0,255,0,0,255
897,0,255,255,255,0,0
898,255,0,255,0,255,0
899,0,255,255,0,0,255
900,255,0,255,255,0,0
901,0,255,255,0,255,0
902,255,0,255,0,0,255
903,0,255,255,255,0,0
904,255,0,255,0,255,0
905,0,255,255,0,0,255
906,255,0,255,255,0,0
907,0,255,255,0,255,0
908,255,0,255,0,0,255
909,0,255,255,255,0,0
910,255,0,255,0,255,0
911,0,255,255,0,0,255
912,255,0,255,255,0,0
913,0,255,255,0,255,0
914,255,0,255,0,0,255
915,0,255,255,255,0,0
916,255,0,255,0,255,0
917,0,255,255,0,0,255
918,255,0,255,255,0,0
919,0,255,255,0,255,0
920,255,0,255,0,0,255
921,0,255,255,255,0,0
922,255,0,255,0,255,0
923,0,255,255,0,0,255
924,255,0,255,255,0,0
925,0,255,255,0,255,0
926,255,0,255,0,0,255
927,0,255,255,255,0,0
928,255,0,255,0,255,0
929,0,255,255,0,0,255
930,255,0,255,255,0,0
931,0,255,255,0,255,0
932,255,0,255,0,0,255
933,0,255,255,255,0,0
934,255,0,255,0,255,0
935,0,255,255,0,0,255
936,255,0,255,255,0,0
937,0,255,255,0,255,0
938,255,0,255,0,0,255
939,0,255,255,255,0,0
940,255,0,255,0,255,0
941,0,255,255,0,0,255
942,255,0,255,255,0,0
943,0,255,255,0,255,0
944,255,0,255,0,0,255
945,0,255,255,255,0,0
946,255,0,255,0,255,0
947,0,255,255,0,0,255
948,255,0,255,255,0,0
949,0,255,255,0,255,0
950,255,0,255,0,0,255
951,0,255,255,255,0,0
952,255,0,255,0,255,0
953,0,255,255,0,0,255
954,255,0,255,255,0,0
955,0,255,255,0,255,0
956,255,0,255,0,0,255
957,0,255,255,255,0,0
958,255,0,255,0,255,0
959,0,255,255,0,0,255
960,255,0,255,255,0,0
961,0,255,255,0,255,0
962,255,0,255,0,0,255
963,0,255,255,255,0,0
964,255,0,255,0,255,0
965,0,255,255,0,0,255
966,255,0,255,255,0,0
967,0,255,255,0,255,0
968,255,0,255,0,0,255
969,0,255,255,255,0,0
970,255,0,255,0,255,0
971,0,255,255,0,0,255
972,255,0,255,255,0,0
973,0,255,255,0,255,0
974,255,0,255,0,0,255
975,0,255,255,255,0,0
976,255,0,255,0,255,0
977,0,255,255,0,0,255
978,255,0,255,255,0,0
979,0,255,255,0,255,0
980,255,0,255,0,0,255
981,0,255,255,255,0,0
982,255,0,255,0,255,0
983,0,255,255,0,0,255
984,255,0,255,255,0,0
985,0,255,255,0,255,0
986,255,0,255,0,0,255
987,0,255,255,255,0,0
988,255,0,255,0,255,0
989,0,255,255,0,0,255
990,255,0,255,255,0,0
991,0,255,255,0,255,0
992,255,0,255,0,0,255
993,0,255,255,255,0,0
994,255,0,255,0,255,0
995,0,255,255,0,0,255
996,255,0,255,255,0,0
997,0,255,255,0,255,0
998,255,0,255,0,0,255
999,0,255,255,255,0,0
